Round,Carbon_Intensity,Decision,Accuracy
1,0.7225,Skip,
2,0.8145,Skip,
3,0.3603,Train,77.2888573456352
4,0.2088,Train,77.9320440028389
5,0.2432,Train,77.3376508161817
